Jill_1,Doe
Jill_2,Doe
Jill_3,Doe
Jill_4,Doe
Jill_5,Doe
Jill_6,Doe
Jill_7,Doe
Jill_8,Doe
Jill_9,Doe
Jill_10,Doe
Jill_11,Doe
Jill_12,Doe
Jill_13,Doe
Jill_14,Doe
Jill_15,Doe
Jill_16,Doe
Jill_17,Doe
Jill_18,Doe
Jill_19,Doe
Jill_20,Doe
Jill_21,Doe
Jill_22,Doe
Jill_23,Doe
Jill_24,Doe
Jill_25,Doe
Jill_26,Doe
Jill_27,Doe
Jill_28,Doe
Jill_29,Doe
Jill_30,Doe
Jill_31,Doe
Jill_32,Doe
Jill_33,Doe
Jill_34,Doe
Jill_35,Doe
Jill_36,Doe
Jill_37,Doe
Jill_38,Doe
Jill_39,Doe
Jill_40,Doe
Jill_41,Doe
Jill_42,Doe
Jill_43,Doe
Jill_44,Doe
Jill_45,Doe
Jill_46,Doe
Jill_47,Doe
Jill_48,Doe
Jill_49,Doe
Jill_50,Doe
Jill_51,Doe
Jill_52,Doe
Jill_53,Doe
Jill_54,Doe
Jill_55,Doe
Jill_56,Doe
Jill_57,Doe
Jill_58,Doe
Jill_59,Doe
Jill_60,Doe
Jill_61,Doe
Jill_62,Doe
Jill_63,Doe
Jill_64,Doe
Jill_65,Doe
Jill_66,Doe
Jill_67,Doe
Jill_68,Doe
Jill_69,Doe
Jill_70,Doe
Jill_71,Doe
Jill_72,Doe
Jill_73,Doe
Jill_74,Doe
Jill_75,Doe
Jill_76,Doe
Jill_77,Doe
Jill_78,Doe
Jill_79,Doe
Jill_80,Doe
Jill_81,Doe
Jill_82,Doe
Jill_83,Doe
Jill_84,Doe
Jill_85,Doe
Jill_86,Doe
Jill_87,Doe
Jill_88,Doe
Jill_89,Doe
Jill_90,Doe
Jill_91,Doe
Jill_92,Doe